{"cameraMode":{"drawMode":0,"name":"Shaded","section":"Shading Mode"},"sceneLighting":true,"audioPlay":false,"sceneViewState":{"m_AlwaysRefresh":false,"showFog":true,"showSkybox":true,"showFlares":true,"showImageEffects":true,"showParticleSystems":true,"showVisualEffectGraphs":true,"m_FxEnabled":true},"in2DMode":false,"pivot":{"x":0.5449019074440002,"y":1.617118239402771,"z":1.2743213176727296},"rotation":{"x":0.3726341724395752,"y":-0.015307094901800156,"z":0.006151646841317415,"w":0.9278383255004883},"size":5.013160228729248,"orthographic":false}